ID,Name,Email,Role,School/Department,Contact Phone,Joined Date,Status
733,"Swati Das",swatidas05@gmail.com,Lead,"",,19/09/2026,Active
738,"Swati Das",anup.mohanty@gmail.com,Lead,"",,19/09/2026,Active
727,"Chitra Narayanan",chitracsenarayanan@gmail.com,Lead,"",,19/09/2026,Active
741,"Richa Lata",1nonlyricha@gmail.com,Lead,"",,19/09/2026,Active
729,"Poulami Santra",poulamisantra@gmail.com,Lead,"",,19/09/2026,Active
730,"Abantika Bal",abinashbal@hotmail.com,Lead,"",,19/09/2026,Active
723,"Shruthi Jantli",manjusha.shruthi22@gmail.com,Lead,"",,19/09/2026,Active
737,"Testing Testing",gojoxywo@fxzig.com,Lead,"",,19/09/2026,Active
719,"Parvathi Krishna",uthara10rishi@gmail.com,Lead,"",,19/09/2026,Active
736,"Anup Amohanty",anup.mohanty@aol.in,Lead,"",,19/09/2026,Active
739,"Arjun Me",arjunmadurai@gmail.com,Lead,"",,19/09/2026,Active
728,"Mamatha Goli",mamathag18@gmail.com,Lead,"",,19/09/2026,Active
722,"Janane Vivek",janane.mdu@gmail.com,Lead,"",,19/09/2026,Active
725,"Kalaivani Karuppanan",kalaivani.kalai@gmail.com,Lead,"",,19/09/2026,Active
744,"Jyothi Jyothi",chinthakindijyothi38@gmail.com,Lead,"",,20/09/2026,Active
732,"Suhasini Basu",lovely.suhasini@gmail.com,Lead,"",,19/09/2026,Active
721,"Test Test",krithi1512@gmail.com,Lead,"",,19/09/2026,Active
724,"Parvathi Krishna",prithvi.krishna2014@gmail.com,Lead,"",,19/09/2026,Active
720,"Priyadarsini Kesavan",priyadarsini.janakiraman@gmail.com,Lead,"",,19/09/2026,Active
726,"Devi Senthil",devidhayaal@gmail.com,Lead,"",,19/09/2026,Active
731,"Abantika Bal",rashmikasamal@gmail.com,Lead,"",,19/09/2026,Active
740,"Sreeharshao Nag",sreeharsha.xolo.backup@gmail.com,Lead,"",,19/09/2026,Active